Date,ShareLink,ShareCommentary,SharedUrl,MediaUrl,Visibility
2025-04-17 10:52:55,https://www.linkedin.com/feed/update/urn%3Ali%3AugcPost%3A7318587257794314242,"Con 11 milioni di clienti, tra cui 1 famiglia su 3 e 1 impresa su 4, e una Rete di oltre 40mila distributori Generali Italia √® la prima assicurazione in Italia: con questi numeri, √® fondamentale l‚Äôanalisi avanzata dei dati per conoscere e anticipare sempre meglio i bisogni della nostra rete e dei nostri clienti.""
""""
""Di recente, in collaborazione con le aree marketing e vendite e con il coinvolgimento diretto di alcune agenzie, abbiamo fatto alcune sperimentazioni e siamo riusciti a capire come rispondere in modo innovativo alle necessit√† dei nostri clienti e favorire una comunicazione pi√π semplice e diretta.""
""""
""Questo permetter√† un affiancamento sempre pi√π mirato ad esempio in tutte le situazioni in cui il cliente esprime nuove esigenze di protezione personale, familiare o di beni, come la nascita di un figlio o l‚Äôacquisto di un‚Äôabitazione. Possiamo aiutare la Rete ad avere tutte le informazioni necessarie, con qualit√† certificata, quindi a velocizzare i tempi e a fornire un servizio sempre pi√π personalizzato.""
""""
""I dati si trasformano in relazione per offrire una comunicazione ancora pi√π evoluta. L‚Äôintelligenza artificiale supporta per ampliare, velocizzare e semplificare i canali di comunicazione. La consulenza evolve, restando profondamente umana.""
""""
""Anche queste sono ¬´Le Generali che non ti aspetti¬ª.""
""""
""Ringrazio le Agenzie e i team che stanno lavorando a questo programma e un ringraziamento speciale alla mia collega che guida la Business & Network Intelligence nel #CountryDataOffice di Generali Italia, Vanessa Perciballi, per lo sviluppo dei principali strumenti e insight, come raccontato con chiarezza in questo video, che vi invito a guardare!""
""""
""#PartnerDiVita #Pi√πDiUnLavoro, #AI, #ArtificialIntelligence, #GeographicInformationSystem","","",MEMBER_NETWORK
2025-04-15 14:11:59,https://www.linkedin.com/feed/update/urn%3Ali%3AugcPost%3A7317912576820965376,"AI-Generated content needs a digital passport: why #Watermarking is essential for #insurance""
""¬†""
""As we deploy AI systems at scale and open AI-generated content to sales networks and clients, we need to establish verifiable digital provenance frameworks. This is no longer optional ‚Äì it's fundamental to responsible #GenAI deployment, especially in regulated industries like insurance. üîç""
""¬†""
""Digital watermarking embeds invisible statistical patterns into AI-generated content that function like a signature, allowing for reliable verification without sacrificing quality or performance. The technology carefully modifies how AI selects each word, creating subtle patterns that verification tools can detect but remain imperceptible to humans, and now this works at enterprise scale as well.""
""¬†""
""üì£ A recent Nature Magazine publication from Google DeepMind‚Äôs SynthID-Text team has demonstrated watermarking at unprecedented scale, setting new standards for what's possible in AI governance. Their ""Tournament sampling"" approach solves technical challenges that previously limited real-world adoption, creating a viable pathway for responsible AI deployment.""
""¬†""
""For insurance specifically, this technology addresses several critical needs:""
""üí° It establishes verifiable provenance for all AI-generated customer communications""
""üí°  It creates an audit trail for compliance with emerging regulations like the EU AI Act""
""üí° It provides technical foundations for expanding AI use cases across underwriting, claims, and customer service while maintaining trust standards""
""¬†""
""At Generali Italia, our approach to AI has balances innovation with responsibility. We view technologies like scalable watermarking as enablers that enhance our ability to deploy AI confidently across more use cases. By addressing critical issues of provenance and verification, we can push boundaries while maintaining the trust that's fundamental to our industry.""
""¬†""
""The journey to implement #AI responsibly requires commitment, but as with all meaningful transformation, this investment sets the foundation for sustainable growth.""
""""
""I'm curious to speak with digital watermarking experts as we continuously expand our Data and AI team‚Ä¶""
""¬†""
""#Generali #lifetimepartner #GenerativeAI #ResponsibleAI #DigitalWatermarking #AIGovernance #InsuranceTech  #DigitalTransformation","","",MEMBER_NETWORK
2025-04-06 10:47:54,https://www.linkedin.com/feed/update/urn%3Ali%3AugcPost%3A7314599727675662336,"In just¬†the last six months, the¬†way we use data and AI¬†has changed dramatically.""
""""
""The key points I see from the front lines at¬†Generali Italia in the insurance world and beyond.""
""""
""üíéData and AI are¬†delivering real results at scale. ""
""Our teams¬†are now using data-driven operations¬†across major business processes, achieving record-breaking results. This didn't happen by magic¬†- it took careful alignment of our systems, processes, change management and increasingly sophisticated algorithms.""
""""
""üåàThe¬†democratization of AI is a fascinating¬†trend. ""
""We are speaking and developing tools with our agencies, we're spreading¬†this knowledge across the company, with¬†AI training programs for all managers.¬†""
""(I even had the undeserved task of¬†lecturing at the Cassa Depositi e Prestiti program, right¬†after Professor Mario Monti and Professor Carlo Alberto Carnevale-Maff√®!)""
""""
""üåèThe hunger¬†for innovation is growing faster than ever. ""
""From¬†participating in Digital Coffee with CNBC¬†alongside Marco Di Dio Roccazzella's team¬†at JAKALA, to setting up innovation labs with¬†partners, we're seeing teams come together to tackle¬†what seemed impossible before. We're even partnering with a data¬†analytics giant to revolutionize how we use¬†location-based insights.""
""""
""‚è≥Mastering¬†AI for business applications¬†demands dedication. ""
""I find myself studying more each¬†year than the previous one¬†(and yes, watching the list of drop-outs grow longer¬†üòä). But that's the nature of transformation¬†- it requires commitment.""
""""
""üí°Data is still¬†the kingmaker. ""
""While AI might¬†be the biggest revolution since the World Wide Web, just like the¬†internet era, competitive advantage comes¬†from having the right data and knowing how to use it (especially in regulated industries like insurance)""
""""
""The¬†journey continues, and with our management team, we¬†keep pushing the boundaries of what's possible in¬†insurance. The future looks more¬†exciting than ever.""
""""
""""
""#Generali #AI¬†#Innovation #DigitalTransformation¬†#Insurance #Leadership #Partnerdivita","","",MEMBER_NETWORK
2024-12-04 14:35:03,https://www.linkedin.com/feed/update/urn%3Ali%3AugcPost%3A7270083185965682688,"Per i nostri assicurati l‚Äô#IntelligenzaArtificiale promuove la relazione tra le persone attraverso maggiore conoscenza e semplificazione della comunicazione.""
""""
""Come ho avuto modo di raccontare ad Andrea Turco in questa intervista con InsurZine, le assicurazioni sono sempre state aziende con una forte base matematica e in questo senso l'#IA rappresenta un grande alleato, che ci permetter√† di supportare ancora meglio la Rete, semplificando e digitalizzando ulteriormente i processi, e garantire la migliore customer experience ai nostri clienti.""
""""
""In Generali Italia abbiamo modificato il modo di fare assicurazione e oggi l'IA √® al centro della nostra trasformazione. In questi ultimi anni abbiamo sviluppato circa 90 algoritmi di IA che entrano in diversi processi aziendali e questo ci permette di rispondere ancora meglio alla nostra ambizione di essere #PartnerDiVita delle persone. Innanzitutto, permettendoci di avere sempre un dialogo attivo con tutti i nostri stakeholder, clienti e Agenti cos√¨ da avere una conoscenza approfondita dei loro bisogni, talvolta addirittura anticipandoli. Lo scopo ultimo √® poi arrivare a una maggiore rapidit√† e personalizzazione dei nostri¬†servizi, che si traduce in una maggiore soddisfazione per il cliente e di vantaggio competitivo per l‚Äôazienda.""
""""
""Ma quando si affronta il tema dell‚ÄôIA si deve tener conto dei ritmi evolutivi che sorprendono anche gli addetti ai lavori. E se nel breve periodo gli impatti pi√π significativi per le assicurazioni si avranno nella riduzione dei tempi di gestione del post-vendita e nella maggiore facilit√† di processamento dell‚Äôenorme mole di informazioni che vengono analizzate quotidianamente, sul lungo periodo, invece, ci saranno forti impatti sui cosiddetti ‚Äúservizi salvavita‚Äù. Gi√† oggi, ad esempio, tramite l‚Äôanalisi dei dati in tempo reale delle Black Box installate sulle auto siamo in grado di classificare certi tipi di segnali come ‚Äúincidente‚Äù, facendo partire una chiamata automatica al cellulare del cliente per metterlo in contatto con un operatore umano che verifica la situazione e invia tempestivamente i soccorsi in caso di bisogno.","","",MEMBER_NETWORK
2024-04-19 15:44:06,https://www.linkedin.com/feed/update/urn%3Ali%3AugcPost%3A7187113743242199040,"In Generali Italia, l'analisi del dato √® parte del nostro DNA assicurativo. ""
""¬†""
""In un contesto economico e sociale che cambia a tassi crescenti e progressivi, √® oggi fondamentale usare i dati per anticipare i bisogni dei nostri clienti e rendere eccellente l‚Äôesperienza di interazione con le nostre reti lungo tutto il ciclo di vita, con standard di servizio da digital company. Ad esempio, il grande lavoro fatto ‚Äòdietro le quinte‚Äô per poter integrare enormi moli di basi dati, con controlli di qualit√† di elevato standard e sfruttando la significativa potenza computazionale degli ambienti cloud, ha potenziato la nostra capacit√† di analisi e ci consente di costruire nuovi punti di vista sui bisogni delle persone. ""
""¬†""
""Per supportare tutto questo, in Generali Italia investiamo significativamente in tecnologia, rinnovando processi sistemi e modalit√† di lavoro e contando su una squadra ‚Äì il Data Office ‚Äì giovane e fortemente specializzata, ad esempio su tutte le nuove tecnologie di intelligenza artificiale.""
""""
""Nel nostro mestiere, i dati e i software di #AI sono e restano gestiti sempre in combinazione con capacit√† tecniche avanzate e sotto il giudizio professionale degli esperti. Infatti, l'attivit√† umana rimane centrale nel nostro core business, con le tecnologie che servono da supporto per eliminare i limiti informativi e gestire attivit√† massive.""
""¬†""
""Sono stati questi i temi al centro del mio intervento agli¬†Stati Generali dell‚ÄôIntelligenza Artificiale 2024 di¬†Milano Finanza. Grazie a Mariavittoria Zaglio di¬†Class CNBC e gli altri relatori¬†per l'interessante confronto.""
""¬†""
""#PartnerDiVita #Pi√πDiUnLavoro, #AI, #Cloud, #CDO""
""¬†""
""","","",MEMBER_NETWORK
2024-04-12 21:59:06,https://www.linkedin.com/feed/update/urn%3Ali%3Ashare%3A7184671396063526912,"To candidates aspiring to join the top AI driven companies - ""
""""
""Generali Italia‚Äôs Data Office has been recognized by Google as one of the top 101 companies worldwide for its real-world implementation of #GenAI processes.""
""""
""While I am humbled by this acknowledgment, I wanted to share it with my network. In just six years since the start of our Data Office, we have earned a place among the world‚Äôs AI leaders. Now, after such a public recognition of our long-term AI vision, we keep working hard to turn it into better customers and networks service.""
""""
""This achievement builds upon the dedication, investments and results delivered by the pioneers Stefano Frigerio, Massimo Natale, Alessandro Colombo, Virginia Scarabattoli, Vanessa Perciballi, Diego Paladini, Antonio Bencini Farina, and the entire #CDO Generali Italia team - the so called 'Emeralds'.""
""""
""Candidates... if you don‚Äôt find luck with the other top 100 companies, we are here and welcome your interest.",https://cloud.google.com/transform/101-real-world-generative-ai-use-cases-from-industry-leaders,"",MEMBER_NETWORK
2024-02-10 20:45:42,https://www.linkedin.com/feed/update/urn%3Ali%3AugcPost%3A7162184878334111744,"It's crucial that we encourage greater participation in #STEM -  ""
""""
""As a member of the management team at Generali Italia, I fully endorse the initiative by Valore D (an Italian association) during the national STEM week. ""
""""
""However‚Ä¶ I've realized that our goals extend beyond this campaign. ""
""""
""We are falling behind.""
""When it comes to STEM, we are trailing the US by a 20-year gap, as evident in the chart below, which I created for fun, but that says a lot. ""
""""
""We've made some progress.""
""Initiatives such as Generali Italia's work in digital and data science over the past 5-6 years serve as positive examples. We have successfully onboarded 200 professionals in digital, data and AI, achieving a STEM and non-STEM mixed team, as well as gender and background balance-by-design.""
""""
""This effort is important for the broader society. ""
""With the increasing integration of #ai into our daily lives, we must be mindful of the teachings which we guide these technologies with. We need our own educational initiatives to ensure that #ai is developed without bias, and this can only be achieved through a well-balanced group of individuals.""
""""
""Looking ahead, I'm optimistic. ""
""E.g. the new hires in the #DataOffice of Generali Italia show a more inclusive ""both-and"" mindset, if compared with our ""either-or"", maybe also because they are born around the time when Social Networks, Clouds, ... were. They communicate through multiple networks, work with multiple languages, operate across various cloud platforms, and collaborate in diverse teams. ""
""""
""We as managers are committed to creating a more diverse world, but I'm inspired by the fact that this generation inherently lives the values of diversity, equity and balance. Just go.""
""¬†¬†""
""#Generali4GirlsInSTEM, #WomenInScience, #ValoreD4STEM, #WeStand4STEM, #PartnerDiVita #Pi√πDiUnLavoro, #ai, #aiact","","",MEMBER_NETWORK
2024-01-19 08:14:25,https://www.linkedin.com/feed/update/urn%3Ali%3Ashare%3A7154023279467376642,"Se mi guardo indietro, vedo il futuro - ""
""""
""Non posso sintetizzare meglio quando penso a quanto ho visto ieri, durante la giornata plenaria di inizio anno del Country Data Office di Generali Italia Italia, in cui l‚Äôintero team riunito ha rivisto e analizzato i risultati raggiunti nel 2023, gli errori fatti e le cose da migliorare e definito ambizione, piano e metodo di lavoro del 2024.""
""""
""E, con la guida dei due Tech Lead Team e Platform Team, le √©quipe di eccellenza ingegneristica interna ispirate dalla nostra privilegiata‚Ä¶ #MountainView, abbiamo fissato la roadmap tecnologica a supporto del piano. ""
""""
""Anche quest‚Äôanno confermiamo e prevediamo la coraggiosa ‚Äì ma che ha pagato fino ad oggi ‚Äì scelta di sviluppo proprietario interno di qualsiasi asset che generi vantaggio competitivo e capitale intellettuale innovativo, combinata con una architettura ormai a geometria totalmente ‚Äúarcobaleno‚Äù, per l‚Äôintegrazione di componenti e di supporto esterno dove necessario. (Per chi all‚Äôascolto interessato ad una candidatura, questo vuol dire che da noi si sviluppa 100% content con IP proprietario‚Ä¶).""
""""
""L‚Äôultima parte l‚Äôabbiamo spesa ad approfondire la priorit√† numero 1 del 2024: l‚Äôintelligenza artificiale dedicata al supporto delle nostre Reti. Su questo non posso che ringraziare tutti i colleghi delle aree di business di ALLEANZA ASSICURAZIONI, Generali Italia e Cattolica Assicurazioni, per l‚Äôentusiasmo e la passione con cui da oltre un anno ci hanno aperto le porte e ci spingono a sviluppare strumenti analitici concretamente adottabili in Rete, non vi deluderemo!""
""""
"" #PartnerDiVita #Pi√πDiUnLavoro #intelligenzaartificiale","","",MEMBER_NETWORK
2024-01-15 11:22:25,https://www.linkedin.com/feed/update/urn%3Ali%3Ashare%3A7152621038504157185,"‚ÄúUna democrazia si nutre prima di tutto della capacit√† di ascoltare, e occorre coraggio per ascoltare‚Äù""
""[‚Ä¶]""
""‚ÄúAscoltare significa anche saper leggere la direzione e la rapidit√† dei mutamenti che stiamo vivendo, mutamenti che possono recare effetti positivi sulle nostre vite‚Äù""
""¬†[‚Ä¶] ""
""‚ÄúAdesso, con l‚Äôintelligenza artificiale che si autoalimenta, si sta generando un progresso inarrestabile, destinato a modificare profondamente le nostre abitudini professionali sociali relazionali‚Äù""
""(S. Mattarella, messaggio di fine anno 2023)""
""""
""Con questi principi in mente: democrazia, ascolto, coraggio, direzione, effetti positivi, progresso e modifiche, cominciano le attivit√† 2024 del Country Data Office di Generali Italia.""
""""
""E per aiutare a capire meglio parole ormai d‚Äôuso comune, come intelligenza artificiale  nel discorso fine anno del nostro presidente, Agnese Niccol√≤, Artificial Intelligence Lead del Country Data Office ha pubblicato questo episodio del podcast ¬´Semplice Come‚Ä¶spiegare il mio lavoro a mamma o pap√†¬ª condotto da Giulio Beronia. ""
""""
""Ai curiosi del mondo dell‚ÄôIntelligenza Artificiale, agli studenti e neolaureati che vogliono intraprendere questa professione, raccomando il ‚Äúcoraggio‚Äù di entrare in contatto con noi, iniziando dall‚Äô ‚Äúascolto‚Äù di questo podcast: ""
""""
""https://lnkd.in/d5m-kN45""
""¬†""
""#SempliceCome #PartnerDiVita #Pi√πDiUnLavoro #intelligenzaartificiale",https://open.spotify.com/episode/2GiEuQZ1nzNxqV73eXko9i?si=ZK8oQ2pcRtC-X76MS2s4zQ,"",MEMBER_NETWORK
2023-12-12 17:27:28,https://www.linkedin.com/feed/update/urn%3Ali%3Ashare%3A7140391719551897600,"SEMPLICE COME ‚Äì TECH LEAD DATA SCIENTIST""
""¬†""
""Di cosa si occupano i Tech Lead Data Scientist?""
""¬†""
""Il nuovo podcast di Generali Italia ¬´Semplice Come‚Ä¶spiegare il mio lavoro a mamma e pap√†¬ª, condotto da Giulio Beronia, prova a spiegarlo in maniera semplice.""
""¬†""
""Ivan Vigorito, Tech Lead del #dataoffice di Generali Italia, usa una metafora efficace: i dati rappresentano i singoli pezzi di un puzzle e il talento dei nostri Tech Lead Data Scientist consiste nel saperli abbinare correttamente, andando a comporre un quadro pi√π ampio e di valore.""
""¬†""
""Per saperne di pi√π potete, ascolta l‚Äôepisodio del podcast: https://lnkd.in/dz9yy8fj""
""¬†""
""Se sei curioso e vuoi scoprire nuovi corsi pensati per te, visita l‚Äôecosistema digitale di #GoGenerali: troverai tanti contenuti, selezionati da professionisti come Ivan, per prepararti ad affrontare il tuo futuro professionale e sviluppare nuove competenze.""
""¬†""
""#SempliceCome #PartnerDiVita #Pi√πDiUnLavoro",https://open.spotify.com/episode/5zIjJX4wTtBMisIqh7tOGp?si=n6QMyLGWQmqf4eH6diLpXA,"",MEMBER_NETWORK
2023-12-09 13:16:00,https://www.linkedin.com/feed/update/urn%3Ali%3Ashare%3A7139241273869209601,"Complimenti per il riuscitissimo lavoro ‚ÄúAugmented Signature Experience‚Äù edito da EgeaEditore Universit√† Bocconi e grazie a Marco Di Dio Roccazzella e alla Prof.ssa Stefania Saviolo per aver ospitato la case history di Generali Italia.""
""""
""Ho ripensato e raccontato come in questi sei anni dalla creazione del #dataoffice e delle competenze #digitali e #IoT, abbiamo migliorato e arricchito l‚Äôesperienza di clienti e Reti, anche grazie ai software di analisi geografica #gis, ai dati #Iot, alle tecnologie #Cloud e soprattutto come abbiamo aumentato la sicurezza dei clienti, ad esempio grazie ai servizi che prevedono un possibile stato di emergenza (#ecall), per le auto connesse. ""
""""
""Facendo tesoro di quanto fatto e alla luce del neonato contesto normativo #AiAct e delle nuove tecnologie #generalpurposeAI, cerchiamo e sviluppiamo le nuove competenze, per migliorare ancora l‚Äôanno prossimo.""
""""
""#partnerdivita","","",MEMBER_NETWORK
2023-08-10 09:24:47,https://www.linkedin.com/feed/update/urn%3Ali%3Ashare%3A7095334154724139008,"#BigData ‚Ä¶ never sleep - :)""
""""
""Sono contento di aver raccontato a¬†Guido Fontanelli, in questa intervista su Panorama in questi giorni in edicola, come stiamo evolvendo il modo di fare assicurazione grazie ai #dataanalytics, al #digitale all‚Äô #IoT, al #cloud e alle nuove tecnologie.""
""""
""Si pensi ad esempio che oggi, grazie ai software nelle #blackbox montate sulle auto dei nostri clienti, aiutiamo con un coaching in tempo reale a guidare meglio, o riconosciamo se un urto √® provocato da un incidente e possiamo attivare tempestivamente il soccorso stradale quando necessario.""
""""
""E con altrettanta soddisfazione constato il riconoscimento del contributo che d√† nel modernizzare, personalizzare e arricchire il nostro mestiere il #DataOffice di Generali Italia, il pi√π grande movimento giovanile italiano in ambito #stem, #AIethics, #datagovernance ""
""""
""E anche da sotto l‚Äôombrellone‚Ä¶ continuiamo a dialogare con i migliori talenti d‚ÄôItalia.""
""""
""Buone ferie e buone letture""
""""
""#PartnerDiVita #Pi√πDiUnLavoro","","",MEMBER_NETWORK
2023-07-17 16:33:39,https://www.linkedin.com/feed/update/urn%3Ali%3Ashare%3A7086744774690447360,"L‚ÄôAI non spaventa i consumatori -""
""""
""Nel commento odierno di Giampaolo Colletti¬†e Fabio Grattagliano sulle pagine de Il Sole 24 Ore, impressiona la velocit√† con la quale le imprese stanno adottando l‚Äô #intelligenzaartificiale per migliorare la relazione tra utenti e brand.""
""""
""Personalmente, ho sottolineato come l‚Äô #AI stia avendo un impatto sempre pi√π concreto anche nel settore assicurativo; saranno differenzianti le soluzioni che risolvono problemi quotidiani dei clienti, come ad esempio il cosiddetto real time coaching, che aiuta il conducente a migliorare il proprio stile di guida, nonch√© gli strumenti che ci permetteranno di ridurre ulteriormente errori e rischi operativi.""
""""
""Si tratta di una sfida ambiziosa che in Generali Italia stiamo gi√† cogliendo, con il nuovo team #DataOffice, con notevoli investimenti sulla #datagovernance, sulle tecnologie innovative ma, soprattutto, su competenze verticali e altamente specializzate, tra cui quelle umanistiche e giuridiche per la valutazione degli impatti etici dell‚ÄôAI. ""
""""
""""
""#PartnerDiVita #Pi√πDiUnLavoro #DataAnalytics #BigData #IoT #BlackBox","","",MEMBER_NETWORK
2023-07-08 16:32:22,https://www.linkedin.com/feed/update/urn%3Ali%3Ashare%3A7083482960154247168,"Le Generali che non ti aspetti - ""
""""
""‚ÄúCi abbiamo messo la faccia‚Äù, insieme a Gianluca Perin, Riccardo Acquaviva, Andrea Cavallero, Maurizia Cecchet, Ottorino Passariello, Sergio Pirani, Marco Posocco, davanti a oltre 800 colleghe e colleghi in tutto, abbiamo completato questa settimana il primo tour per comunicare lo stato dei lavori e prendere impegno sugli obiettivi da raggiungere nell‚Äôarea Country General Manager di Generali Italia, per anticipare i bisogni e fornire servizi sempre migliori a clienti e Reti.""
""""
""E questo passa anche dall‚Äôaumento dell‚Äôadozione in tutta l‚Äôazienda dell‚Äôutilizzo dei #dataanalytics, #ai, #cloud, e delle altre tecnologie pi√π innovative. ""
""""
""Appuntamento a fine anno per tornare davanti ai nostri colleghi, comunicare e verificare gli obiettivi raggiunti e pianificare cosa e come migliorare l‚Äôanno prossimo ""
""""
""#PartnerDiVita #Pi√πDiUnLavoro""
""""
""[‚Ä¶] Egli sperimenta ‚Äúla falsit√† della dottrina pedagogica che confina l‚Äôeducazione a una prima parte della vita (alla prefazione del libro) e la verit√† della dottrina contraria che concepisce la vita intera come continua educazione, e il sapere come unit√† del sapere e dell‚Äôimparare‚Äù [‚Ä¶] (Benedetto Croce)","","",MEMBER_NETWORK
2023-06-16 08:36:27,https://www.linkedin.com/feed/update/urn%3Ali%3AugcPost%3A7075390657481048064,"Le Generali che non ti aspetti -""
""""
""Unendo in un‚Äôunica moderna squadra tecnologia, operations, comunicazione, #intelligenzaartificiale e #bigdata e il fattore pi√π importante - la gestione delle persone - ridefiniamo il modo di servire le nostre reti e arrivare ai nostri clienti prevedendo e anticipando i bisogni, pi√π rapidamente, con processi sicuri, automatizzati, snelli e con qualit√† pi√π alta.""
""""
""L‚Äôascolto di tutta la squadra per noi √® un elemento chiave, per questo in questo mese insieme a Gianluca Perin e Riccardo Acquaviva, Andrea Cavallero, Maurizia Cecchet, Ottorino Passariello, Sergio Pirani e Marco Posocco saremo a Mogliano Veneto, Milano e Roma per incontrare i team, comunicare i risultati e i prossimi obiettivi e raccogliere input e feedback.""
""¬†""
""#PartnerDiVita #Pi√πDiUnLavoro","","",MEMBER_NETWORK
2023-06-15 08:45:37,https://www.linkedin.com/feed/update/urn%3Ali%3Ashare%3A7075030577464111104,"Vi aspetto il 19 Giugno per venire ad ascoltare come grazie alle ultimissime novit√† tecnologiche del #dataoffice di Generali Italia su #cloud, #ai, e #bigdata, spingiamo il miglioramento del livello di servizio a clienti e reti di vendita!!""
""""
""#partnerdivita, #piudiunlavoro","","",MEMBER_NETWORK
2023-05-29 10:45:23,https://www.linkedin.com/feed/update/urn%3Ali%3Ashare%3A7068900125749690368,"La neo responsabile dell‚Äôarea business e geo intelligence del¬†#dataoffice¬†di¬†Generali Italia -¬†Vanessa Perciballi¬†- ed io abbiamo partecipato alla chiusura del master per i giovani talenti della Rete Cattolica (illustrato sotto da¬†Marco Lamola).""
"" ""
""Con alcune applicazioni pratiche dei nostri strumenti di analisi geografica (#gis), abbiamo mostrato come grazie all‚Äôutilizzo integrato dei dati interni ed esterni possiamo arricchire l‚Äôattivit√† di consulenza per i clienti, rendendola pi√π personalizzata e¬†proattiva.""
"" ""
""Ho anche sottolineato ai nuovi colleghi della Rete¬†#CattolicaAssicurazioni¬†come ancora adesso la pi√π importante fonte di conoscenza sui clienti sia l'ascolto, la comprensione e la collezione sistematica dei¬†loro bisogni, da coniugare con gli strumenti pi√π moderni, come ad esempio il nostro¬†#datalake, che garantiscono i massimi standard di qualit√† e integrit√† nella raccolta e gestione dei dati.""
"" ""
""Grazie a¬†Marco Lamola¬†e ai colleghi per averci invitato e ascoltato con notevole interesse e passione; tutto il #DataOffice √® pronto a collaborare con voi per servire al meglio tutta la Rete e i Clienti.","","",MEMBER_NETWORK
2023-05-23 06:25:11,https://www.linkedin.com/feed/update/urn%3Ali%3Ashare%3A7066660315622498304,"23 Maggio. Oggi ricorre il trentunesimo anniversario della scomparsa (o meglio, dell‚Äôuccisione, insieme a Francesca Morvillo, Antonio Montinaro, Rocco Dicillo e Vito Schifani) del Giudice Giovanni Falcone.""
""Figura ed evento per me indelebili, per ricordarlo quest‚Äôanno ho (ri)letto le interviste che hanno portato alla stesura del libro ‚ÄúCose di Cosa Nostra‚Äù, capolavoro di lucidit√† del suo pensiero.""
""""
""E noto oggi, dal punto di vista privilegiato del mio attuale ruolo in Generali Italia, come la sua legacy ‚Äì il metodo Falcone ‚Äì sia tuttora una tra le pi√π grandi fonti di ispirazione di intelligenza umana nell‚Äôanalisi dei dati. ""
""Alcune delle pi√π complesse attivit√† che svolgiamo nel #dataoffice di Generali Italia, i pi√π moderni strumenti come ad esempio la cosiddetta #networkanalysis, li dobbiamo infatti anche ad un uomo che ha sacrificato la sua intera vita per la legalit√†. ""
""""
""Per chi fa il mio mestiere, la fusione del metodo umano con quello artificiale √® il contributo che possiamo dare nel portare avanti la sua eredit√†.""
""""
""‚ÄúNe ho tratto la conclusione che occorre procedere con la massima cautela e che bisogna verificare a ogni passo il confine tra il noto e l‚Äôignoto e non sperare mai che altri possano colmare le nostre lacune.‚Äù ""
""(Giovanni Falcone, 18 Maggio 1939 - 23 Maggio 1992, Cose di Cosa Nostra).""
""""
""#GiornataDellaLegalit√† ""
""","","",MEMBER_NETWORK
2023-05-06 07:50:46,https://www.linkedin.com/feed/update/urn%3Ali%3Ashare%3A7060521260748783616,"Faccio eco a gran voce di questo post di Darya Majidi, tra le altre cose Presidente dell‚ÄôAssociazione Donne 4.0, e che ho conosciuto come vera ambasciatrice della rimozione dei gender bias e gap nella business community italiana e internazionale.""
""""
""Quando si parla di AI, iniziative simili hanno un‚Äôimportanza che va ben oltre la diffusione dei contenuti curriculari. ""
""""
""Cos√¨ come l‚ÄôAI ha nel suo DNA l‚Äôequit√† e l‚Äôoggettivit√† nel trattamento dei dati ‚Äúby design‚Äù, cos√¨ le professioniste e i professionisti che studiano e studieranno AI fin da scuola avranno nel loro DNA l‚Äôequit√† nel trattamento degli altri, con la conseguente progressiva rimozione di distorsioni - inconsce e non - nel comportamento, nel linguaggio e nell‚Äôapproccio aperto al rispetto della diversit√†.""
""""
""Di questo sono fermamente convinto e lo vedo quotidianamente avvenire nel team #dataoffice di Generali Italia, dove ad esempio abbiamo strutturalmente superato il concetto di gender ‚Äúdiversity‚Äù e siamo arrivati da tempo al target che volevamo fin dall‚Äôinizio di gender ‚Äúbalance‚Äù, dato che ormai su oltre 100 data professionals il 50% sono stabilmente donne. ""
""""
""Darya Majidi ti invito pubblicamente a considerare il mio team e me stesso a vostra disposizione per il summer camp dove utile.","","",MEMBER_NETWORK
2023-04-05 16:36:06,https://www.linkedin.com/feed/update/urn%3Ali%3Ashare%3A7049419437803757568,"""100 modelli di data analytics in produzione in 5 anni e in tutte le aree aziendali, a supporto rete, business, processi di post vendita, finalizzati a servire sempre meglio i nostri clienti"". ""
""""
""Il General Manager Gianluca Perin, insieme a Marco Oddone e Gabriele Tedesco, ha enfatizzato durante la convention per la nostra rete di vendita come l‚Äôattivit√† di data analytics in Generali sia arrivata al cuore del business, generando valore tangibile per reti e clienti.  ""
""""
""Accogliamo oggi oltre 100 professioniste e professionisti provenienti da ogni area delle discipline #STEM e oltre, che lavorano in maniera integrata con le linee di business, con l‚ÄôIT e con le funzioni di supporto e di controllo aziendali, per ripensare ogni giorno la nostra azienda guidati sempre di pi√π dall'analisi dei dati.","","",MEMBER_NETWORK
2023-01-19 14:52:38,https://www.linkedin.com/feed/update/urn%3Ali%3Ashare%3A7021851920889753600,"Generali Italia: anche quest‚Äôanno siamo Top Employer!""
""E' bello essere parte di una realt√† che ha fatto della centralit√† delle sue persone una delle chiavi del proprio successo: persone che non solo portano innovazione in azienda, ma soprattutto che, con le loro peculiarit√† e attitudini, la rendono stimolante e appagante sotto ogni punto di vista. ""
""Questa certificazione √® la conferma che Generali ha saputo ascoltare concretamente e attivamente i bisogni e le esigenze emergenti delle persone: un esempio su tutti √® stato quello di tradurre una maggiore attenzione all‚Äôequilibrio vita privata-lavoro in nuove modalit√† di lavoro agile, integrando lo smart working.""
""Sapere di poter contare su un ambiente sempre pi√π inclusivo e aperto al nuovo mi rende ancora pi√π fiero di esserne parte.""
""#TopEmployer2023¬†#PartnerDiVita¬†#Pi√πDiUnLavoro","","",MEMBER_NETWORK
2022-11-29 22:18:25,https://www.linkedin.com/feed/update/urn%3Ali%3Ashare%3A7003482326823268352,"La diversit√†, per noi che lavoriamo con i dati, √® una componente fondamentale, perch√© garantisce processi decisionali e output pi√π efficaci, etici e senza distorsioni.""
""""
""Noi abbiamo capito da tempo che tutte le diversit√†, di prospettiva e di approccio, devono essere alla base delle analisi dei dati e dei modelli predittivi. Ad esempio, dalla nascita del team di Advanced Analytics in Generali Italia almeno il 50% dei neoassunti √® di genere femminile. In pi√π, abbiamo voluto contribuire a promuovere programmi di formazione tecnica e di coding per giovani laureate, perch√© potessero acquisire le competenze necessarie per essere inserite nella nostra IT Digital Factory. Abbiamo dato vita a #Generali4GirlsInSTEM: un insieme di eventi di networking dedicati a professioniste STEM. E ancora, ogni anno eroghiamo pi√π di 40 borse di studio perch√© sempre pi√π studentesse di talento intraprendano percorsi di studio e di carriera tecnico-scientifici. ""
""""
""√à stato un vero piacere parlare di questi temi oggi alla Global Inclusion ""La ruota della Crescita, Imprese, Democrazia e Libert√†‚Äù assieme alla collega Virginia Scarabattoli , Advanced Analytics Lead del Data Office di Generali Country Italia. Credo proprio che storie come la sua siano un esempio per tutte le ragazze che ancora non sanno se intraprendere o meno percorsi di studio tecnico-scientifici. E se qualcuno vi ostacola lungo la strada, andate oltre. Il vostro contributo √® ricercato e prezioso.""
""""
""Ringrazio tutti gli organizzatori e in particolare Il Sole 24 Ore per questa importante iniziativa.""
""""
""""
""#PartnerdiVita #Pi√πdiunLavoro #Globalinclusion2022 #Inclusion #Diversity","","",MEMBER_NETWORK
2021-02-18 19:58:58,https://www.linkedin.com/feed/update/urn%3Ali%3Ashare%3A6768257508004925440,"","","",MEMBER_NETWORK
2020-12-01 20:14:13,https://www.linkedin.com/feed/update/urn%3Ali%3Ashare%3A6739632704976896000,"","","",MEMBER_NETWORK
2020-04-16 08:24:58,https://www.linkedin.com/feed/update/urn%3Ali%3Ashare%3A6656467396741652480,"","","",MEMBER_NETWORK
2020-03-13 15:21:50,https://www.linkedin.com/feed/update/urn%3Ali%3Ashare%3A6644251116437557248,"","","",MEMBER_NETWORK
2019-10-13 10:26:15,https://www.linkedin.com/feed/update/urn%3Ali%3Ashare%3A6589093776596185088,"When The Emeralds (Generali's Advanced Analytics Team) were born, the 'town hall' was 4 folks in my office. ""
""Our platform‚Äôs performance was competing with my undergrad laptop‚Äôs (...), poor data, no production, and... most of all, we didn't know what value we would bring to our customers.""
""""
""2 years down the road: we do not fit in a large meeting room ‚Äì and with folks in 'smart working', our top commitment for sustainable work life balance. ""
""""
""Our team is yes a blend of carefully selected top marks professionals, but it is continuous learning and collaboration mindset that tie up the Emeralds, keeping us relevant now and in the future.""
""""
""We partner with the best provider on the planet when it comes to artificial intelligence and big data technology, we  work in close cooperation with every business area and I am proud that our sales networks value our work. ""
""""
""We deliver tangible value for our customers and networks by deploying analytics ‚Äúin production‚Äù in all areas.""
""""
""We push the needle of innovation, by rethinking some of the business processes that will change the way our customers partner with us. ""
""""
""I am excited and grateful to the team and Generali‚Äôs top management for all this ‚Ä¶ and If I look forward to the next two years...  :-)""
""""
""Candidates:  Drop a note!","","",MEMBER_NETWORK
2019-08-05 18:33:53,https://www.linkedin.com/feed/update/urn%3Ali%3Ashare%3A6564211730837196800,"Happy summer to my network from ‚ÄúThe Emeralds‚Äù ‚Äì Advanced Analytics at its shiniest, brightest and finest!!!""
""""
""Data scientists, engineers, full stack, devops and analytics managers, save the date: Friday, August 30th from 4pm, come and visit us at the Generali Tower!""
""""
""(Those who are interested, pls drop a note to davide.consiglio@generali.com or massimo.natale@generali.com)""
""","","",MEMBER_NETWORK
2019-06-19 18:20:04,https://www.linkedin.com/feed/update/urn%3Ali%3Ashare%3A6547176020842164226,"","","",MEMBER_NETWORK
2019-02-08 23:35:46,https://www.linkedin.com/feed/update/urn%3Ali%3Ashare%3A6499782661475696640,"Hello friends ‚Äì I thought I‚Äôd share that at Generali Italy we‚Äôll double down on advanced analytics and artificial intelligence. ""
""""
""Aligned with the Group‚Äôs stated ambition to be a life-time partner, we aim at serving our clients and distribution networks better through unprecedented insights, leveraging on IoT to deliver personalized products and services, scaling up artificial intelligence in core operations and much more.""
""""
""Most of all, I personally aim at growing the advanced analytics team with same quality, passion, motivation, spirit of mutual aid and speed of execution as they are today.""
""""
""If folks in my network are/know top notch (i.e. with proven outstanding academic, work and continuous learning track record) data professionals, please do reach out!""
""I am particularly interested to meet big data engineers, machine learning engineers, data scientists with finance or pricing background, folks at the intersection between data science and consulting, game theory and Bayesian statistics experts, geo-analytics masters.""
""""
""And if you fancy a true breathtaking perspective from the Generali Tower, doors are open: come and meet the ‚ÄúEmeralds‚Äù! (as we named our data scientists and citizens community).""
""""
""Cheers","","",MEMBER_NETWORK
2019-01-08 14:07:00,https://www.linkedin.com/feed/update/urn%3Ali%3Ashare%3A6488405500462403584,"Condivido la bella intervista di Gianluca Perin che sottolinea l'importanza strategica degli advanced analytics in Generali Italia e della diffusione della cultura e delle competenze di data science! Alessandro Colombo, Isabella David, Massimo Natale, Federica Palorini, Stefano Frigerio","","",MEMBER_NETWORK
2018-09-04 10:45:08,https://www.linkedin.com/feed/update/urn%3Ali%3Ashare%3A6442693831203913729,"","","",MEMBER_NETWORK
2018-06-22 20:10:07,https://www.linkedin.com/feed/update/urn%3Ali%3Ashare%3A6416019309864251392,"","","",MEMBER_NETWORK
2018-03-08 17:41:26,https://www.linkedin.com/feed/update/urn%3Ali%3Ashare%3A6377568778896621568,"Seminario Generali - InsurTech: From Big Data to User Engagement & Connected Insurance:""
""""
""https://lnkd.in/ec9JMQY","","",MEMBER_NETWORK
2017-05-17 13:53:56,https://www.linkedin.com/feed/update/urn%3Ali%3Ashare%3A6270607106756349952,"","","",MEMBER_NETWORK
2017-04-04 08:05:15,https://www.linkedin.com/feed/update/urn%3Ali%3Ashare%3A6254936678130024448,"BCG Gamma - We are hiring in Milan - if you want to know more, pm me.",https://lnkd.in/dc73g2h,https://media.licdn.com/media/AAEAAQAAAAAAAAXmAAAAJDU2Mzc5M2YzLTg0YzItNDk2Zi1iMzY3LTdkMWU2ZTRmMTQ4Ng.png,MEMBER_NETWORK
2017-01-24 15:38:37,https://www.linkedin.com/feed/update/urn%3Ali%3Ashare%3A6229683622102736896,"https://lnkd.in/dkqkhVs""
""Anyone interested to learn more, pm me",https://www.kaggle.com/jobs/17592/bcg-gamma-data-scientists-senior-data-scientists-london-paris-berlin-munich,"",MEMBER_NETWORK
2016-11-01 09:23:41,https://www.linkedin.com/feed/update/urn%3Ali%3Ashare%3A6199148687231369216,"I think that any attempt to categorize, when it comes to Big Data, sounds weird by design. ""
""Nevertheless, I liked three things of this post and related map:""
""1. the (naive? unintentionally subtle?) title: the all thing being labelled ""tools""""
""2. the correct - imho - positioning of some of those too often self-proclaimed ""independent advisors""""
""3. the lack of a vertical layer on the far right, which I would perhaps have called ""value generating high-end analytics""","","",MEMBER_NETWORK
2016-10-27 07:09:32,https://www.linkedin.com/feed/update/urn%3Ali%3Ashare%3A6197302988667699200,Thanks Sergio Spaccavento for inviting me on stage to share the latest on advanced analytics in insurance. Really nice conference!,"","",MEMBER_NETWORK
2016-10-27 06:59:48,https://www.linkedin.com/feed/update/urn%3Ali%3Ashare%3A6197300537931689984,"Truly world class conference last week in Barcelona. ""
""Thanks to Moscow Institute of Physics and Technology and Harbour.Space University for inviting me to share recent experiences in advanced analytics.""
""Anyone interested in the conference materials, pm me.",http://in.harbour.space/idp2016/,"",MEMBER_NETWORK
2016-09-22 21:18:28,https://www.linkedin.com/feed/update/urn%3Ali%3Ashare%3A6184833054113087489,My recent perspective on the latest trends in advanced analytics in Italy. Best-in-class companies are investing on the full spectrum of capabilities,"","",MEMBER_NETWORK
2016-09-22 09:50:33,https://www.linkedin.com/feed/update/urn%3Ali%3Ashare%3A6184659934538391552,The value for insurers from advanced anti-fraud systems is huge. My perspective on Milano Finanza,"","",MEMBER_NETWORK
2016-09-22 09:06:24,https://www.linkedin.com/feed/update/urn%3Ali%3Ashare%3A6184648821146927104,"BCG's view on Affari e Finanza on the rapidly evolving role of the Chief Data Officer.""
""Delighted to share the stage with Intesa Sanpaolo, Axa, Aig and Oliver James Associates!",http://www.repubblica.it/economia/affari-e-finanza/2016/09/19/news/imprese_a_caccia_di_manager_dei_dati-148138103/,"",MEMBER_NETWORK
2014-08-06 02:09:15,https://www.linkedin.com/feed/update/urn%3Ali%3Ashare%3A5902606073193312256,http://on.bcg.com/1uD5t1y,"","",MEMBER_NETWORK
