HashTag,CreatedTime,LastModifiedTime,State
neuroscience,2018-08-12 11:43:58,2018-08-12 11:43:58,Follow
machinelearning,2018-08-12 11:43:54,2018-08-12 11:43:54,Follow
robotics,2018-08-12 11:43:32,2018-08-12 11:43:32,Follow
healthinsurance,2018-08-12 11:43:14,2018-08-12 11:43:14,Follow
artificialintelligence,2018-08-12 11:42:24,2018-08-12 11:42:24,Follow
executivesandmanagement,2018-08-12 11:42:06,2018-08-12 11:42:06,Follow
analytics,2018-07-29 14:20:57,2018-07-29 14:20:57,Follow
bankingindustry,2018-07-29 14:20:42,2018-07-29 14:20:42,Follow
management,2018-07-29 14:20:00,2018-07-29 14:20:00,Follow
bigdata,2018-04-05 09:45:57,2018-04-05 09:45:57,Follow
insuranceindustry,2018-01-27 20:59:51,2018-01-27 20:59:51,Follow
insurance,2018-01-27 20:59:49,2018-01-27 20:59:49,Follow
futurism,2015-07-17 22:02:36,2015-07-17 22:02:36,Follow
innovation,2015-07-17 22:02:36,2015-07-17 22:02:36,Follow
informationsecurity,2015-07-17 22:02:05,2015-07-17 22:02:05,Follow
cloudcomputing,2015-07-17 22:02:05,2015-07-17 22:02:05,Follow
computersandtheinternet,2015-07-17 22:02:05,2015-07-17 22:02:05,Follow
computing,2015-07-17 22:02:05,2015-07-17 22:02:05,Follow
technology,2015-07-17 22:02:05,2015-07-17 22:02:05,Follow
socialnetworking,2013-04-26 19:38:00,2013-04-26 19:38:00,Follow
advertisingandmarketing,2013-04-26 19:38:00,2013-04-26 19:38:00,Follow
socialmedia,2013-04-26 19:38:00,2013-04-26 19:38:00,Follow
markets,2013-04-26 19:38:00,2013-04-26 19:38:00,Follow
macroeconomics,2013-04-26 19:38:00,2013-04-26 19:38:00,Follow
digitalmarketing,2013-04-26 19:38:00,2013-04-26 19:38:00,Follow
branding,2013-04-26 19:38:00,2013-04-26 19:38:00,Follow
economics,2013-04-26 19:38:00,2013-04-26 19:38:00,Follow
marketing,2013-04-26 19:38:00,2013-04-26 19:38:00,Follow
economy,2013-04-26 19:38:00,2013-04-26 19:38:00,Follow
