savedItem,CreatedTime
https://www.linkedin.com/feed/update/urn:li:article:8688191782642070173,2018-10-09 05:55:35
https://www.linkedin.com/feed/update/urn:li:article:8843854965331479168,2017-11-13 21:15:55
https://www.linkedin.com/feed/update/urn:li:article:7892870726608299691,2017-09-04 09:04:02
https://www.linkedin.com/feed/update/urn:li:article:7293675343116520089,2017-06-25 20:52:39
https://www.linkedin.com/feed/update/urn:li:activity:7311846733590740992,2025-04-12 15:07:22
https://www.linkedin.com/feed/update/urn:li:activity:7305222839228342274,2025-03-18 06:55:49
https://www.linkedin.com/feed/update/urn:li:activity:7207070025315188736,2024-06-14 13:47:50
https://www.linkedin.com/feed/update/urn:li:activity:7195499584335278080,2024-05-12 20:51:59
https://www.linkedin.com/feed/update/urn:li:activity:7176189487943684096,2024-03-21 05:42:15
https://www.linkedin.com/feed/update/urn:li:activity:7141321039824809984,2023-12-24 12:52:48
https://www.linkedin.com/feed/update/urn:li:activity:7121459897929465856,2023-10-21 20:36:44
